{"offline_id": "cf648f2c882e4618aea7d03014c87ba4", "project_name": "yolov5", "start_time": 1696730596737, "stop_time": 1696730621069, "tags": [], "workspace": null, "resume_strategy": "create", "customer_error_reported": true, "customer_error_message": "Unexpected error detected in the user script: TimeoutError(10060, '\u7531\u4e8e\u8fde\u63a5\u65b9\u5728\u4e00\u6bb5\u65f6\u95f4\u540e\u6ca1\u6709\u6b63\u786e\u7b54\u590d\u6216\u8fde\u63a5\u7684\u4e3b\u673a\u6ca1\u6709\u53cd\u5e94\uff0c\u8fde\u63a5\u5c1d\u8bd5\u5931\u8d25\u3002', None, 10060, None)"}