{"payload":{"installed_packages":["absl-py==1.4.0","aiohttp==3.8.5","aiosignal==1.2.0","appdirs==1.4.4","async-timeout==4.0.2","attrs==23.1.0","blinker==1.4","bottleneck==1.3.5","brotlipy==0.7.0","cachetools==4.2.2","certifi==2023.7.22","cffi==1.15.1","chardet==5.2.0","charset-normalizer==2.0.4","click==8.0.4","colorama==0.4.6","comet-ml==3.33.11","configobj==5.0.8","contourpy==1.0.5","cryptography==41.0.3","cycler==0.11.0","dulwich==0.21.6","everett==3.1.0","fonttools==4.25.0","frozenlist==1.3.3","gitdb==4.0.7","gitpython==3.1.30","google-auth-oauthlib==0.4.4","google-auth==2.22.0","grpcio==1.48.2","idna==3.4","importlib-metadata==6.0.0","importlib-resources==5.2.0","jsonschema-specifications==2023.7.1","jsonschema==4.19.1","kiwisolver==1.4.4","markdown-it-py==3.0.0","markdown==3.4.1","markupsafe==2.1.1","matplotlib==3.7.2","mdurl==0.1.2","mkl-fft==1.3.8","mkl-random==1.2.4","mkl-service==2.4.0","multidict==6.0.2","munkres==1.1.4","numexpr==2.8.4","numpy==1.24.3","oauthlib==3.2.2","olefile==0.46","opencv-python==4.8.0.76","packaging==23.1","pandas==2.0.3","pillow==8.4.0","pip==23.2.1","pkgutil-resolve-name==1.3.10","ply==3.11","pooch==1.4.0","protobuf==3.20.3","psutil==5.9.0","py-cpuinfo==9.0.0","pyasn1-modules==0.2.8","pyasn1==0.4.8","pycparser==2.21","pygments==2.16.1","pyjwt==2.4.0","pyopenssl==23.2.0","pyparsing==3.0.9","pyqt5-sip==12.11.0","pyqt5==5.15.7","pysocks==1.7.1","python-box==6.1.0","python-dateutil==2.8.2","pytz==2023.3.post1","pyyaml==6.0","referencing==0.30.2","requests-oauthlib==1.3.0","requests-toolbelt==1.0.0","requests==2.31.0","rich==13.6.0","rpds-py==0.10.4","rsa==4.7.2","scipy==1.10.1","seaborn==0.12.2","semantic-version==2.10.0","sentry-sdk==1.31.0","setuptools==68.0.0","simplejson==3.19.2","sip==6.6.2","six==1.16.0","smmap==4.0.0","tensorboard-data-server==0.6.1","tensorboard-plugin-wit==1.8.1","tensorboard==2.10.0","thop==0.1.1.post2209072238","toml==0.10.2","torch==1.13.1+cu117","torchvision==0.14.1+cu117","tornado==6.3.2","tqdm==4.65.0","typing-extensions==4.8.0","tzdata==2023.3","ultralytics==8.0.194","urllib3==1.26.16","websocket-client==1.3.3","werkzeug==2.2.3","wheel==0.38.4","win-inet-pton==1.1.0","wrapt==1.15.0","wurlitzer==3.0.3","yarl==1.8.1","zipp==3.11.0"],"local_timestamp":1696730596739},"type":"ws_msg"}
{"payload":{"env_details":{"command":["train.py","--batch-size","2","--epochs","200","--data","small_try/pop_ups.yaml","--weights","weight/yolov5n.pt"],"env":null,"hostname":"LAPTOP-O6FDQ4AO","ip":"172.27.38.191","machine":"AMD64","os":"Windows-10-10.0.19045-SP0","os_release":"10","os_type":"Windows","pid":5520,"processor":"Intel64 Family 6 Model 141 Stepping 1, GenuineIntel","python_exe":"D:\\Anaconda\\envs\\pytorch4\\python.exe","python_version":"3.8.18","python_version_verbose":"3.8.18 (default, Sep 11 2023, 13:39:12) [MSC v.1916 64 bit (AMD64)]","user":"nekoloving"},"local_timestamp":1696730597648},"type":"ws_msg"}
{"payload":{"gpu_static_info":[{"gpu_index":0,"name":"NVIDIA GeForce RTX 3050 Ti Laptop GPU","power_limit":75000,"total_memory":4294967296,"uuid":"GPU-4a4ddd26-7b65-a2d5-8e96-f3ee9fdb860a"}],"local_timestamp":1696730597681},"type":"ws_msg"}
{"payload":{"local_timestamp":1696730597681,"metric":{"epoch":null,"metricName":"sys.gpu.0.total_memory","metricValue":4294967296,"step":null}},"type":"metric_msg"}
{"payload":{"local_timestamp":1696730597805,"metric":{"epoch":null,"metricName":"sys.cpu.percent.avg","metricValue":6.09375,"step":null}},"type":"metric_msg"}
{"payload":{"local_timestamp":1696730597805,"metric":{"epoch":null,"metricName":"sys.load.avg","metricValue":0.0,"step":null}},"type":"metric_msg"}
{"payload":{"local_timestamp":1696730597805,"metric":{"epoch":null,"metricName":"sys.ram.total","metricValue":16799993856,"step":null}},"type":"metric_msg"}
{"payload":{"local_timestamp":1696730597805,"metric":{"epoch":null,"metricName":"sys.ram.used","metricValue":12511752192,"step":null}},"type":"metric_msg"}
{"payload":{"local_timestamp":1696730597814,"param":{"paramName":"batch-size","paramValue":2,"source":"cli","step":null}},"type":"parameter_msg"}
{"payload":{"local_timestamp":1696730597815,"param":{"paramName":"epochs","paramValue":200,"source":"cli","step":null}},"type":"parameter_msg"}
{"payload":{"local_timestamp":1696730597815,"param":{"paramName":"data","paramValue":"small_try/pop_ups.yaml","source":"cli","step":null}},"type":"parameter_msg"}
{"payload":{"local_timestamp":1696730597815,"param":{"paramName":"weights","paramValue":"weight/yolov5n.pt","source":"cli","step":null}},"type":"parameter_msg"}
{"payload":{"local_timestamp":1696730597815,"log_other":{"key":"offline_experiment","val":true}},"type":"ws_msg"}
{"payload":{"local_timestamp":1696730597815,"log_other":{"key":"Name","val":"exp"}},"type":"ws_msg"}
{"payload":{"local_timestamp":1696730597817,"metric":{"epoch":null,"metricName":"sys.gpu.0.free_memory","metricValue":3873447936,"step":null}},"type":"metric_msg"}
{"payload":{"local_timestamp":1696730597817,"metric":{"epoch":null,"metricName":"sys.gpu.0.gpu_utilization","metricValue":0,"step":null}},"type":"metric_msg"}
{"payload":{"local_timestamp":1696730597817,"metric":{"epoch":null,"metricName":"sys.gpu.0.power_usage","metricValue":6642,"step":null}},"type":"metric_msg"}
{"payload":{"local_timestamp":1696730597817,"metric":{"epoch":null,"metricName":"sys.gpu.0.temperature","metricValue":47,"step":null}},"type":"metric_msg"}
{"payload":{"local_timestamp":1696730597817,"metric":{"epoch":null,"metricName":"sys.gpu.0.used_memory","metricValue":421519360,"step":null}},"type":"metric_msg"}
{"payload":{"additional_params":{"assetId":"39dbfb40d2c14714a0381e3a29603fd0","context":null,"extension":"yaml","fileName":"pop_ups.yaml","overwrite":false,"runId":null,"step":null},"clean":true,"file_path":"tmp_nhydbeu","local_timestamp":1696730597819,"metadata":{"type":"data-config-file"},"upload_type":"asset"},"type":"file_upload"}
{"payload":{"local_timestamp":1696730597824,"stderr":true,"stdout":"Downloading https://ultralytics.com/assets/Arial.ttf to C:\\Users\\nekoloving\\AppData\\Roaming\\Ultralytics\\Arial.ttf...\n"},"type":"ws_msg"}
{"payload":{"git_meta":{"branch":"refs/heads/master","origin":"https://github.com/ultralytics/yolov5.git","parent":"6262c7feb42cd181f165681b9aff428785c0ff7e","repo_name":"yolov5","root":"1e84a23f38fad9e52b59101e9f1246d93066ed1e","status":null,"user":"MayBisCuit"},"local_timestamp":1696730598288},"type":"ws_msg"}
{"payload":{"additional_params":{"assetId":"fc544132bcaf4a3a8437293ebd5e8b48","context":null,"epoch":null,"extension":"yml","fileName":"conda-environment.yml","overwrite":false,"runId":null,"step":null,"type":"conda-environment-definition"},"clean":true,"file_path":"tmpa4zr9bez","local_timestamp":1696730602118,"metadata":{},"upload_type":"conda-environment-definition"},"type":"file_upload"}
{"payload":{"additional_params":{"assetId":"2afc448119c648cfa8d5930656e733dd","context":null,"epoch":null,"extension":"txt","fileName":"conda-spec.txt","overwrite":false,"runId":null,"step":null,"type":"conda-specification"},"clean":true,"file_path":"tmp0mugmxwe","local_timestamp":1696730604061,"metadata":{},"upload_type":"conda-specification"},"type":"file_upload"}
{"payload":{"additional_params":{"assetId":"aed2a5e5c7184c96919fc3059d657b23","context":null,"epoch":null,"extension":"yml","fileName":"conda-info.yml","overwrite":false,"runId":null,"step":null,"type":"conda-info"},"clean":true,"file_path":"tmpv330ob_3","local_timestamp":1696730605708,"metadata":{},"upload_type":"conda-info"},"type":"file_upload"}
{"payload":{"local_timestamp":1696730619551,"stderr":true,"stdout":"Traceback (most recent call last):\n"},"type":"ws_msg"}
{"payload":{"local_timestamp":1696730619552,"stderr":true,"stdout":"  File \"train.py\", line 647, in <module>\n"},"type":"ws_msg"}
{"payload":{"local_timestamp":1696730619552,"stderr":true,"stdout":"    "},"type":"ws_msg"}
{"payload":{"local_timestamp":1696730619552,"stderr":true,"stdout":"main(opt)"},"type":"ws_msg"}
{"payload":{"local_timestamp":1696730619552,"stderr":true,"stdout":"\n"},"type":"ws_msg"}
{"payload":{"local_timestamp":1696730619552,"stderr":true,"stdout":"  File \"train.py\", line 536, in main\n"},"type":"ws_msg"}
{"payload":{"local_timestamp":1696730619553,"stderr":true,"stdout":"    "},"type":"ws_msg"}
{"payload":{"local_timestamp":1696730619553,"stderr":true,"stdout":"train(opt.hyp, opt, device, callbacks)"},"type":"ws_msg"}
{"payload":{"local_timestamp":1696730619553,"stderr":true,"stdout":"\n"},"type":"ws_msg"}
{"payload":{"local_timestamp":1696730619553,"stderr":true,"stdout":"  File \"train.py\", line 101, in train\n"},"type":"ws_msg"}
{"payload":{"local_timestamp":1696730619553,"stderr":true,"stdout":"    "},"type":"ws_msg"}
{"payload":{"local_timestamp":1696730619553,"stderr":true,"stdout":"loggers = Loggers(save_dir, weights, opt, hyp, LOGGER)  # loggers instance"},"type":"ws_msg"}
{"payload":{"local_timestamp":1696730619553,"stderr":true,"stdout":"\n"},"type":"ws_msg"}
{"payload":{"local_timestamp":1696730619553,"stderr":true,"stdout":"  File \"E:\\yolov5\\utils\\loggers\\__init__.py\", line 129, in __init__\n"},"type":"ws_msg"}
{"payload":{"local_timestamp":1696730619555,"stderr":true,"stdout":"    "},"type":"ws_msg"}
{"payload":{"local_timestamp":1696730619555,"stderr":true,"stdout":"self.comet_logger = CometLogger(self.opt, self.hyp)"},"type":"ws_msg"}
{"payload":{"local_timestamp":1696730619555,"stderr":true,"stdout":"\n"},"type":"ws_msg"}
{"payload":{"local_timestamp":1696730619555,"stderr":true,"stdout":"  File \"E:\\yolov5\\utils\\loggers\\comet\\__init__.py\", line 98, in __init__\n"},"type":"ws_msg"}
{"payload":{"local_timestamp":1696730619555,"stderr":true,"stdout":"    "},"type":"ws_msg"}
{"payload":{"local_timestamp":1696730619555,"stderr":true,"stdout":"self.data_dict = self.check_dataset(self.opt.data)"},"type":"ws_msg"}
{"payload":{"local_timestamp":1696730619557,"stderr":true,"stdout":"\n"},"type":"ws_msg"}
{"payload":{"local_timestamp":1696730619557,"stderr":true,"stdout":"  File \"E:\\yolov5\\utils\\loggers\\comet\\__init__.py\", line 244, in check_dataset\n"},"type":"ws_msg"}
{"payload":{"local_timestamp":1696730619557,"stderr":true,"stdout":"    "},"type":"ws_msg"}
{"payload":{"local_timestamp":1696730619557,"stderr":true,"stdout":"return check_dataset(data_file)"},"type":"ws_msg"}
{"payload":{"local_timestamp":1696730619557,"stderr":true,"stdout":"\n"},"type":"ws_msg"}
{"payload":{"local_timestamp":1696730619557,"stderr":true,"stdout":"  File \"E:\\yolov5\\utils\\general.py\", line 545, in check_dataset\n"},"type":"ws_msg"}
{"payload":{"local_timestamp":1696730619558,"stderr":true,"stdout":"    "},"type":"ws_msg"}
{"payload":{"local_timestamp":1696730619558,"stderr":true,"stdout":"check_font('Arial.ttf' if is_ascii(data['names']) else 'Arial.Unicode.ttf', progress=True)  # download fonts"},"type":"ws_msg"}
{"payload":{"local_timestamp":1696730619558,"stderr":true,"stdout":"\n"},"type":"ws_msg"}
{"payload":{"local_timestamp":1696730619558,"stderr":true,"stdout":"  File \"E:\\yolov5\\utils\\general.py\", line 480, in check_font\n"},"type":"ws_msg"}
{"payload":{"local_timestamp":1696730619558,"stderr":true,"stdout":"    "},"type":"ws_msg"}
{"payload":{"local_timestamp":1696730619558,"stderr":true,"stdout":"torch.hub.download_url_to_file(url, str(file), progress=progress)"},"type":"ws_msg"}
{"payload":{"local_timestamp":1696730619558,"stderr":true,"stdout":"\n"},"type":"ws_msg"}
{"payload":{"local_timestamp":1696730619558,"stderr":true,"stdout":"  File \"D:\\Anaconda\\envs\\pytorch4\\lib\\site-packages\\torch\\hub.py\", line 597, in download_url_to_file\n"},"type":"ws_msg"}
{"payload":{"local_timestamp":1696730619558,"stderr":true,"stdout":"    "},"type":"ws_msg"}
{"payload":{"local_timestamp":1696730619558,"stderr":true,"stdout":"u = urlopen(req)"},"type":"ws_msg"}
{"payload":{"local_timestamp":1696730619558,"stderr":true,"stdout":"\n"},"type":"ws_msg"}
{"payload":{"local_timestamp":1696730619558,"stderr":true,"stdout":"  File \"D:\\Anaconda\\envs\\pytorch4\\lib\\urllib\\request.py\", line 222, in urlopen\n"},"type":"ws_msg"}
{"payload":{"local_timestamp":1696730619558,"stderr":true,"stdout":"    "},"type":"ws_msg"}
{"payload":{"local_timestamp":1696730619558,"stderr":true,"stdout":"return opener.open(url, data, timeout)"},"type":"ws_msg"}
{"payload":{"local_timestamp":1696730619558,"stderr":true,"stdout":"\n"},"type":"ws_msg"}
{"payload":{"local_timestamp":1696730619558,"stderr":true,"stdout":"  File \"D:\\Anaconda\\envs\\pytorch4\\lib\\urllib\\request.py\", line 531, in open\n"},"type":"ws_msg"}
{"payload":{"local_timestamp":1696730619560,"stderr":true,"stdout":"    "},"type":"ws_msg"}
{"payload":{"local_timestamp":1696730619560,"stderr":true,"stdout":"response = meth(req, response)"},"type":"ws_msg"}
{"payload":{"local_timestamp":1696730619560,"stderr":true,"stdout":"\n"},"type":"ws_msg"}
{"payload":{"local_timestamp":1696730619560,"stderr":true,"stdout":"  File \"D:\\Anaconda\\envs\\pytorch4\\lib\\urllib\\request.py\", line 640, in http_response\n"},"type":"ws_msg"}
{"payload":{"local_timestamp":1696730619560,"stderr":true,"stdout":"    "},"type":"ws_msg"}
{"payload":{"local_timestamp":1696730619560,"stderr":true,"stdout":"response = self.parent.error("},"type":"ws_msg"}
{"payload":{"local_timestamp":1696730619561,"stderr":true,"stdout":"\n"},"type":"ws_msg"}
{"payload":{"local_timestamp":1696730619561,"stderr":true,"stdout":"  File \"D:\\Anaconda\\envs\\pytorch4\\lib\\urllib\\request.py\", line 563, in error\n"},"type":"ws_msg"}
{"payload":{"local_timestamp":1696730619561,"stderr":true,"stdout":"    "},"type":"ws_msg"}
{"payload":{"local_timestamp":1696730619561,"stderr":true,"stdout":"result = self._call_chain(*args)"},"type":"ws_msg"}
{"payload":{"local_timestamp":1696730619561,"stderr":true,"stdout":"\n"},"type":"ws_msg"}
{"payload":{"local_timestamp":1696730619561,"stderr":true,"stdout":"  File \"D:\\Anaconda\\envs\\pytorch4\\lib\\urllib\\request.py\", line 502, in _call_chain\n"},"type":"ws_msg"}
{"payload":{"local_timestamp":1696730619561,"stderr":true,"stdout":"    "},"type":"ws_msg"}
{"payload":{"local_timestamp":1696730619561,"stderr":true,"stdout":"result = func(*args)"},"type":"ws_msg"}
{"payload":{"local_timestamp":1696730619561,"stderr":true,"stdout":"\n"},"type":"ws_msg"}
{"payload":{"local_timestamp":1696730619562,"stderr":true,"stdout":"  File \"D:\\Anaconda\\envs\\pytorch4\\lib\\urllib\\request.py\", line 755, in http_error_302\n"},"type":"ws_msg"}
{"payload":{"local_timestamp":1696730619562,"stderr":true,"stdout":"    "},"type":"ws_msg"}
{"payload":{"local_timestamp":1696730619562,"stderr":true,"stdout":"return self.parent.open(new, timeout=req.timeout)"},"type":"ws_msg"}
{"payload":{"local_timestamp":1696730619562,"stderr":true,"stdout":"\n"},"type":"ws_msg"}
{"payload":{"local_timestamp":1696730619562,"stderr":true,"stdout":"  File \"D:\\Anaconda\\envs\\pytorch4\\lib\\urllib\\request.py\", line 531, in open\n"},"type":"ws_msg"}
{"payload":{"local_timestamp":1696730619562,"stderr":true,"stdout":"    "},"type":"ws_msg"}
{"payload":{"local_timestamp":1696730619562,"stderr":true,"stdout":"response = meth(req, response)"},"type":"ws_msg"}
{"payload":{"local_timestamp":1696730619562,"stderr":true,"stdout":"\n"},"type":"ws_msg"}
{"payload":{"local_timestamp":1696730619563,"stderr":true,"stdout":"  File \"D:\\Anaconda\\envs\\pytorch4\\lib\\urllib\\request.py\", line 640, in http_response\n"},"type":"ws_msg"}
{"payload":{"local_timestamp":1696730619563,"stderr":true,"stdout":"    "},"type":"ws_msg"}
{"payload":{"local_timestamp":1696730619563,"stderr":true,"stdout":"response = self.parent.error("},"type":"ws_msg"}
{"payload":{"local_timestamp":1696730619563,"stderr":true,"stdout":"\n"},"type":"ws_msg"}
{"payload":{"local_timestamp":1696730619563,"stderr":true,"stdout":"  File \"D:\\Anaconda\\envs\\pytorch4\\lib\\urllib\\request.py\", line 563, in error\n"},"type":"ws_msg"}
{"payload":{"local_timestamp":1696730619563,"stderr":true,"stdout":"    "},"type":"ws_msg"}
{"payload":{"local_timestamp":1696730619563,"stderr":true,"stdout":"result = self._call_chain(*args)"},"type":"ws_msg"}
{"payload":{"local_timestamp":1696730619563,"stderr":true,"stdout":"\n"},"type":"ws_msg"}
{"payload":{"local_timestamp":1696730619564,"stderr":true,"stdout":"  File \"D:\\Anaconda\\envs\\pytorch4\\lib\\urllib\\request.py\", line 502, in _call_chain\n"},"type":"ws_msg"}
{"payload":{"local_timestamp":1696730619564,"stderr":true,"stdout":"    "},"type":"ws_msg"}
{"payload":{"local_timestamp":1696730619564,"stderr":true,"stdout":"result = func(*args)"},"type":"ws_msg"}
{"payload":{"local_timestamp":1696730619564,"stderr":true,"stdout":"\n"},"type":"ws_msg"}
{"payload":{"local_timestamp":1696730619564,"stderr":true,"stdout":"  File \"D:\\Anaconda\\envs\\pytorch4\\lib\\urllib\\request.py\", line 755, in http_error_302\n"},"type":"ws_msg"}
{"payload":{"local_timestamp":1696730619564,"stderr":true,"stdout":"    "},"type":"ws_msg"}
{"payload":{"local_timestamp":1696730619564,"stderr":true,"stdout":"return self.parent.open(new, timeout=req.timeout)"},"type":"ws_msg"}
{"payload":{"local_timestamp":1696730619564,"stderr":true,"stdout":"\n"},"type":"ws_msg"}
{"payload":{"local_timestamp":1696730619564,"stderr":true,"stdout":"  File \"D:\\Anaconda\\envs\\pytorch4\\lib\\urllib\\request.py\", line 525, in open\n"},"type":"ws_msg"}
{"payload":{"local_timestamp":1696730619565,"stderr":true,"stdout":"    "},"type":"ws_msg"}
{"payload":{"local_timestamp":1696730619565,"stderr":true,"stdout":"response = self._open(req, data)"},"type":"ws_msg"}
{"payload":{"local_timestamp":1696730619565,"stderr":true,"stdout":"\n"},"type":"ws_msg"}
{"payload":{"local_timestamp":1696730619565,"stderr":true,"stdout":"  File \"D:\\Anaconda\\envs\\pytorch4\\lib\\urllib\\request.py\", line 542, in _open\n"},"type":"ws_msg"}
{"payload":{"local_timestamp":1696730619565,"stderr":true,"stdout":"    "},"type":"ws_msg"}
{"payload":{"local_timestamp":1696730619565,"stderr":true,"stdout":"result = self._call_chain(self.handle_open, protocol, protocol +"},"type":"ws_msg"}
{"payload":{"local_timestamp":1696730619565,"stderr":true,"stdout":"\n"},"type":"ws_msg"}
{"payload":{"local_timestamp":1696730619565,"stderr":true,"stdout":"  File \"D:\\Anaconda\\envs\\pytorch4\\lib\\urllib\\request.py\", line 502, in _call_chain\n"},"type":"ws_msg"}
{"payload":{"local_timestamp":1696730619565,"stderr":true,"stdout":"    "},"type":"ws_msg"}
{"payload":{"local_timestamp":1696730619565,"stderr":true,"stdout":"result = func(*args)"},"type":"ws_msg"}
{"payload":{"local_timestamp":1696730619566,"stderr":true,"stdout":"\n"},"type":"ws_msg"}
{"payload":{"local_timestamp":1696730619566,"stderr":true,"stdout":"  File \"D:\\Anaconda\\envs\\pytorch4\\lib\\urllib\\request.py\", line 1397, in https_open\n"},"type":"ws_msg"}
{"payload":{"local_timestamp":1696730619566,"stderr":true,"stdout":"    "},"type":"ws_msg"}
{"payload":{"local_timestamp":1696730619566,"stderr":true,"stdout":"return self.do_open(http.client.HTTPSConnection, req,"},"type":"ws_msg"}
{"payload":{"local_timestamp":1696730619566,"stderr":true,"stdout":"\n"},"type":"ws_msg"}
{"payload":{"local_timestamp":1696730619566,"stderr":true,"stdout":"  File \"D:\\Anaconda\\envs\\pytorch4\\lib\\urllib\\request.py\", line 1358, in do_open\n"},"type":"ws_msg"}
{"payload":{"local_timestamp":1696730619566,"stderr":true,"stdout":"    "},"type":"ws_msg"}
{"payload":{"local_timestamp":1696730619566,"stderr":true,"stdout":"r = h.getresponse()"},"type":"ws_msg"}
{"payload":{"local_timestamp":1696730619566,"stderr":true,"stdout":"\n"},"type":"ws_msg"}
{"payload":{"local_timestamp":1696730619567,"stderr":true,"stdout":"  File \"D:\\Anaconda\\envs\\pytorch4\\lib\\http\\client.py\", line 1348, in getresponse\n"},"type":"ws_msg"}
{"payload":{"local_timestamp":1696730619567,"stderr":true,"stdout":"    "},"type":"ws_msg"}
{"payload":{"local_timestamp":1696730619568,"stderr":true,"stdout":"response.begin()"},"type":"ws_msg"}
{"payload":{"local_timestamp":1696730619568,"stderr":true,"stdout":"\n"},"type":"ws_msg"}
{"payload":{"local_timestamp":1696730619568,"stderr":true,"stdout":"  File \"D:\\Anaconda\\envs\\pytorch4\\lib\\http\\client.py\", line 316, in begin\n"},"type":"ws_msg"}
{"payload":{"local_timestamp":1696730619568,"stderr":true,"stdout":"    "},"type":"ws_msg"}
{"payload":{"local_timestamp":1696730619568,"stderr":true,"stdout":"version, status, reason = self._read_status()"},"type":"ws_msg"}
{"payload":{"local_timestamp":1696730619568,"stderr":true,"stdout":"\n"},"type":"ws_msg"}
{"payload":{"local_timestamp":1696730619568,"stderr":true,"stdout":"  File \"D:\\Anaconda\\envs\\pytorch4\\lib\\http\\client.py\", line 277, in _read_status\n"},"type":"ws_msg"}
{"payload":{"local_timestamp":1696730619569,"stderr":true,"stdout":"    "},"type":"ws_msg"}
{"payload":{"local_timestamp":1696730619569,"stderr":true,"stdout":"line = str(self.fp.readline(_MAXLINE + 1), \"iso-8859-1\")"},"type":"ws_msg"}
{"payload":{"local_timestamp":1696730619569,"stderr":true,"stdout":"\n"},"type":"ws_msg"}
{"payload":{"local_timestamp":1696730619569,"stderr":true,"stdout":"  File \"D:\\Anaconda\\envs\\pytorch4\\lib\\socket.py\", line 669, in readinto\n"},"type":"ws_msg"}
{"payload":{"local_timestamp":1696730619569,"stderr":true,"stdout":"    "},"type":"ws_msg"}
{"payload":{"local_timestamp":1696730619569,"stderr":true,"stdout":"return self._sock.recv_into(b)"},"type":"ws_msg"}
{"payload":{"local_timestamp":1696730619569,"stderr":true,"stdout":"\n"},"type":"ws_msg"}
{"payload":{"local_timestamp":1696730619569,"stderr":true,"stdout":"  File \"D:\\Anaconda\\envs\\pytorch4\\lib\\ssl.py\", line 1274, in recv_into\n"},"type":"ws_msg"}
{"payload":{"local_timestamp":1696730619569,"stderr":true,"stdout":"    "},"type":"ws_msg"}
{"payload":{"local_timestamp":1696730619569,"stderr":true,"stdout":"return self.read(nbytes, buffer)"},"type":"ws_msg"}
{"payload":{"local_timestamp":1696730619570,"stderr":true,"stdout":"\n"},"type":"ws_msg"}
{"payload":{"local_timestamp":1696730619570,"stderr":true,"stdout":"  File \"D:\\Anaconda\\envs\\pytorch4\\lib\\ssl.py\", line 1132, in read\n"},"type":"ws_msg"}
{"payload":{"local_timestamp":1696730619570,"stderr":true,"stdout":"    "},"type":"ws_msg"}
{"payload":{"local_timestamp":1696730619570,"stderr":true,"stdout":"return self._sslobj.read(len, buffer)"},"type":"ws_msg"}
{"payload":{"local_timestamp":1696730619570,"stderr":true,"stdout":"\n"},"type":"ws_msg"}
{"payload":{"local_timestamp":1696730619570,"stderr":true,"stdout":"TimeoutError"},"type":"ws_msg"}
{"payload":{"local_timestamp":1696730619570,"stderr":true,"stdout":": "},"type":"ws_msg"}
{"payload":{"local_timestamp":1696730619570,"stderr":true,"stdout":"[WinError 10060] \u7531\u4e8e\u8fde\u63a5\u65b9\u5728\u4e00\u6bb5\u65f6\u95f4\u540e\u6ca1\u6709\u6b63\u786e\u7b54\u590d\u6216\u8fde\u63a5\u7684\u4e3b\u673a\u6ca1\u6709\u53cd\u5e94\uff0c\u8fde\u63a5\u5c1d\u8bd5\u5931\u8d25\u3002"},"type":"ws_msg"}
{"payload":{"local_timestamp":1696730619570,"stderr":true,"stdout":"\n"},"type":"ws_msg"}
{"payload":{"local_timestamp":1696730619572,"stderr":true,"stdout":"\u001b[1;38;5;39mCOMET INFO:\u001b[0m ---------------------------------------------------------------------------------------\n"},"type":"ws_msg"}
{"payload":{"local_timestamp":1696730619572,"stderr":true,"stdout":"\u001b[1;38;5;39mCOMET INFO:\u001b[0m Comet.ml OfflineExperiment Summary\n"},"type":"ws_msg"}
{"payload":{"local_timestamp":1696730619572,"stderr":true,"stdout":"\u001b[1;38;5;39mCOMET INFO:\u001b[0m ---------------------------------------------------------------------------------------\n"},"type":"ws_msg"}
{"payload":{"local_timestamp":1696730619572,"stderr":true,"stdout":"\u001b[1;38;5;39mCOMET INFO:\u001b[0m   Data:\n"},"type":"ws_msg"}
{"payload":{"local_timestamp":1696730619572,"stderr":true,"stdout":"\u001b[1;38;5;39mCOMET INFO:\u001b[0m     display_summary_level : 1\n"},"type":"ws_msg"}
{"payload":{"local_timestamp":1696730619572,"stderr":true,"stdout":"\u001b[1;38;5;39mCOMET INFO:\u001b[0m     url                   : [OfflineExperiment will get URL after upload]\n"},"type":"ws_msg"}
{"payload":{"local_timestamp":1696730619572,"stderr":true,"stdout":"\u001b[1;38;5;39mCOMET INFO:\u001b[0m   Others:\n"},"type":"ws_msg"}
{"payload":{"local_timestamp":1696730619572,"stderr":true,"stdout":"\u001b[1;38;5;39mCOMET INFO:\u001b[0m     Name               : exp\n"},"type":"ws_msg"}
{"payload":{"local_timestamp":1696730619573,"stderr":true,"stdout":"\u001b[1;38;5;39mCOMET INFO:\u001b[0m     offline_experiment : True\n"},"type":"ws_msg"}
{"payload":{"local_timestamp":1696730619573,"stderr":true,"stdout":"\u001b[1;38;5;39mCOMET INFO:\u001b[0m   Uploads:\n"},"type":"ws_msg"}
{"payload":{"local_timestamp":1696730619573,"stderr":true,"stdout":"\u001b[1;38;5;39mCOMET INFO:\u001b[0m     asset                        : 1 (358 bytes)\n"},"type":"ws_msg"}
{"payload":{"local_timestamp":1696730619573,"stderr":true,"stdout":"\u001b[1;38;5;39mCOMET INFO:\u001b[0m     conda-environment-definition : 1\n"},"type":"ws_msg"}
{"payload":{"local_timestamp":1696730619573,"stderr":true,"stdout":"\u001b[1;38;5;39mCOMET INFO:\u001b[0m     conda-info                   : 1\n"},"type":"ws_msg"}
{"payload":{"local_timestamp":1696730619573,"stderr":true,"stdout":"\u001b[1;38;5;39mCOMET INFO:\u001b[0m     conda-specification          : 1\n"},"type":"ws_msg"}
{"payload":{"local_timestamp":1696730619573,"stderr":true,"stdout":"\u001b[1;38;5;39mCOMET INFO:\u001b[0m     environment details          : 1\n"},"type":"ws_msg"}
{"payload":{"local_timestamp":1696730619574,"stderr":true,"stdout":"\u001b[1;38;5;39mCOMET INFO:\u001b[0m     git metadata                 : 1\n"},"type":"ws_msg"}
{"payload":{"local_timestamp":1696730619574,"stderr":true,"stdout":"\u001b[1;38;5;39mCOMET INFO:\u001b[0m     installed packages           : 1\n"},"type":"ws_msg"}
{"payload":{"local_timestamp":1696730619574,"stderr":true,"stdout":"\u001b[1;38;5;39mCOMET INFO:\u001b[0m \n"},"type":"ws_msg"}
